"Marker","Spearman_Rho","Pvalue"
"CD8A",0.672737666354326,5.50152071066153e-43
"CD8B",0.635519289881147,3.7569867244947e-37
