"Cell_Type","Median_Negative","Median_Positive","P_value","FDR"
"Plasma cells",0.140713806501757,0.43933553755046,5.63588108209592e-05,0.00129625264888206
"Macrophages M0",0.103442105677453,0.0300375259167078,0.000141489567279329,0.00162713002371229
"NK cells resting",0.024386599403451,0.00508904612643274,0.00113563793933391,0.00870655753489332
"T cells CD4 memory resting",0.0676024031129603,0.0330205204197916,0.00230981496280069,0.013281436036104
"T cells CD8",0.0479374722342526,0.0695431502698301,0.00435402238519392,0.020028502971892
