"Gene","Rho","Pvalue"
"IGKC",0.713445205195125,1.98464735813486e-50
"IGHA1",0.70034404650389,6.76826197507198e-48
"IGHM",0.898011078704819,5.43553002037517e-114
"MS4A1",0.543696343935432,1.05109422779704e-25
"CD79A",0.712061337595322,3.73178331879424e-50
"CD79B",0.54225597597432,1.49283302766169e-25
